step,step_time_sec,forward_time_sec,backward_time_sec,optimizer_time_sec,cumulative_sec,loss
0,0.32346,0.03026,0.284276,0.008687,0.323461,1.201184
1,0.381064,0.037266,0.330781,0.012843,0.704606,1.188396
2,0.306807,0.028502,0.269414,0.007602,1.01143,1.171634
3,0.296613,0.021916,0.260824,0.012784,1.308068,1.15145
4,0.338072,0.047587,0.278055,0.011341,1.646159,1.129647
5,0.314863,0.023783,0.278407,0.011492,1.961046,1.107225
6,0.338786,0.047853,0.282068,0.00799,2.299849,1.084452
7,0.30292,0.027736,0.260626,0.013627,2.602809,1.06133
8,0.350223,0.030759,0.311323,0.007218,2.953053,1.037784
9,0.308632,0.021724,0.270507,0.015409,3.261707,1.013829
10,0.321754,0.033133,0.275852,0.011859,3.583484,0.989371
11,0.359029,0.019863,0.311123,0.027148,3.942544,0.964273
12,0.355848,0.075486,0.27181,0.007687,4.298408,0.938589
13,0.300761,0.024018,0.265517,0.010216,4.599201,0.912194
14,0.322253,0.022305,0.282141,0.016882,4.921476,0.884919
15,0.293167,0.053496,0.230661,0.008146,5.214663,0.856852
16,0.353587,0.019884,0.319318,0.012694,5.568288,0.827793
17,0.250469,0.050031,0.191834,0.007711,5.818779,0.797909
18,0.316746,0.023766,0.273321,0.018538,6.135563,0.767092
19,0.256992,0.06369,0.182715,0.009708,6.392576,0.735399
20,0.322189,0.019602,0.282282,0.019249,6.714818,0.702873
21,0.248361,0.073835,0.16591,0.007637,6.96322,0.669553
22,0.257607,0.02045,0.221157,0.015129,7.220853,0.635334
23,0.312493,0.052048,0.251114,0.008446,7.533365,0.600467
24,0.310279,0.018083,0.279891,0.011398,7.843668,0.565167
25,0.285131,0.029297,0.245069,0.009955,8.128816,0.529391
26,0.343986,0.02716,0.302746,0.012582,8.472843,0.493621
27,0.30514,0.039512,0.254331,0.010354,8.77801,0.457684
28,0.324111,0.026683,0.283029,0.012565,9.102204,0.422273
29,0.29385,0.065522,0.219528,0.007902,9.396075,0.387077
30,0.373224,0.024134,0.328411,0.019818,9.769322,0.352848
31,0.31583,0.070662,0.235287,0.00895,10.085195,0.319462
32,0.290771,0.020596,0.249378,0.019937,10.375987,0.287553
33,0.331378,0.068383,0.253579,0.008497,10.707415,0.257062
34,0.327937,0.021469,0.289049,0.016271,11.035373,0.228397
35,0.289425,0.049795,0.232022,0.006693,11.324819,0.20168
36,0.309186,0.022439,0.272182,0.01371,11.63403,0.176979
37,0.338047,0.044376,0.282496,0.010292,11.972095,0.15444
38,0.364517,0.021377,0.330582,0.011669,12.336636,0.134041
39,0.274242,0.032988,0.22935,0.00939,12.61091,0.115793
40,0.338174,0.018917,0.305374,0.012923,12.949118,0.099644
41,0.320501,0.034797,0.275363,0.009346,13.269662,0.085417
42,0.318572,0.020413,0.281217,0.016009,13.588262,0.073093
43,0.317354,0.042594,0.265011,0.008687,13.90566,0.06235
44,0.36602,0.018113,0.334871,0.011989,14.271717,0.053246
45,0.279387,0.047526,0.222777,0.00816,14.551124,0.045283
46,0.326781,0.0196,0.297363,0.008812,14.878572,0.038792
47,0.329084,0.047526,0.272808,0.007764,15.207705,0.032886
48,0.278971,0.021966,0.241019,0.015094,15.486696,0.028549
49,0.301267,0.048506,0.244241,0.007589,15.787984,0.023999
