latency_ms,config,num_trials,mean_total_sec,std_total_sec,mean_forward_sec,mean_backward_sec,mean_optimizer_sec,backward_pct,slowdown_vs_affinity_pct
0,affinity,5,17.1511,0.557,1.8355,14.6244,0.6387,85.27,0.0
0,antiaffinity,5,16.5849,0.3222,1.4996,14.4376,0.5865,87.05,-3.3
1,affinity,5,15.9299,0.5487,1.8109,13.4556,0.6144,84.47,0.0
1,antiaffinity,5,17.6349,0.2625,1.4571,15.5737,0.5595,88.31,10.7
5,affinity,5,15.6834,0.2792,1.8163,13.2007,0.6166,84.17,0.0
5,antiaffinity,5,24.0017,0.239,1.6446,21.7156,0.579,90.48,53.04
10,affinity,5,15.4022,0.2563,1.7099,13.071,0.5755,84.86,0.0
10,antiaffinity,5,34.4006,0.1736,1.9689,31.5383,0.8039,91.68,123.35
25,affinity,5,15.8028,0.283,1.8126,13.3219,0.627,84.3,0.0
25,antiaffinity,5,64.1546,0.2594,2.2643,61.1532,0.6632,95.32,305.97
