step,step_time_sec,forward_time_sec,backward_time_sec,optimizer_time_sec,cumulative_sec,loss,cpu_pct,net_rx_bytes,net_tx_bytes
0,0.833272,0.049442,0.765563,0.017928,0.833437,0.885757,93.52,75693206,75747624
1,0.896517,0.064911,0.812955,0.01633,1.730234,0.83873,94.29,75690534,75688886
2,1.020562,0.040311,0.956748,0.022434,2.751111,0.820024,94.32,75690060,75689592
3,0.861271,0.072413,0.761172,0.026538,3.612623,0.80848,94.34,75744062,75688060
4,0.775575,0.073992,0.67118,0.027467,4.388653,0.799153,93.21,75743972,75687414
5,0.794871,0.073876,0.687651,0.032142,5.183959,0.79062,91.19,75688158,75689736
6,0.72849,0.065098,0.645576,0.015187,5.913102,0.782393,91.94,75686616,75686376
7,0.768228,0.045029,0.707533,0.014755,6.681593,0.774306,92.77,75688686,75686514
8,0.893229,0.037796,0.824742,0.029732,7.575063,0.766264,94.84,75687246,75686946
9,0.891995,0.088723,0.787576,0.014141,8.46728,0.758218,93.83,75689652,75809353
10,0.944679,0.055928,0.859625,0.028115,9.412462,0.75016,93.15,75688164,75687072
11,0.724513,0.061471,0.636925,0.024443,10.137352,0.742071,94.05,75742628,75687054
12,0.913171,0.102483,0.766616,0.04233,11.05252,0.733922,93.08,75688746,75743744
13,0.771692,0.155089,0.597975,0.01247,11.824462,0.725694,94.55,75687558,75688414
14,1.051219,0.035236,0.988574,0.026344,12.875881,0.717403,93.81,75688656,75744650
15,0.870636,0.064259,0.790349,0.014966,13.746861,0.709019,94.91,75688482,75743246
16,0.737496,0.04359,0.665902,0.026888,14.486467,0.700545,94.65,75688428,75796038
17,0.816346,0.08029,0.72525,0.009878,15.303039,0.69196,93.98,75743402,75686604
18,0.721522,0.046515,0.654077,0.019826,16.02484,0.683217,92.96,75687444,75688794
19,0.726517,0.077691,0.61774,0.029652,16.751638,0.674346,92.52,75742270,75687174
20,0.693996,0.066848,0.603175,0.022814,17.4459,0.665314,92.65,75688404,75687834
21,0.750833,0.045066,0.682406,0.022393,18.197489,0.656106,92.96,75688296,75740410
22,0.700523,0.075861,0.593153,0.028245,18.898268,0.646716,94.57,75744722,75688422
23,0.701275,0.056902,0.624744,0.018553,19.599799,0.637146,93.48,75685956,75686772
24,0.709326,0.046972,0.637393,0.023628,20.309366,0.627388,93.58,75688140,75688362
25,0.813737,0.054001,0.737622,0.020467,21.123341,0.617432,95.09,75689076,75688806
26,0.771419,0.052989,0.687921,0.026153,21.895246,0.607243,93.03,75741040,75742852
27,0.694073,0.066493,0.607645,0.017586,22.589537,0.596834,94.11,75743636,75689058
28,0.834847,0.049116,0.760617,0.024222,23.424597,0.586205,93.2,75743006,75687924
29,0.899296,0.11553,0.760949,0.021796,24.324118,0.575371,92.88,75687438,75688524
30,0.755281,0.063776,0.678052,0.012348,25.080503,0.564281,94.55,75743498,75687090
31,0.777195,0.045704,0.698908,0.031563,25.857991,0.552966,92.01,75686808,75743594
32,0.791158,0.120555,0.646654,0.022416,26.649624,0.541414,93.42,75689484,75743018
33,0.897211,0.062625,0.798997,0.033163,27.547481,0.529624,92.67,75688644,75743282
34,0.65891,0.072574,0.563529,0.020417,28.206578,0.517593,92.87,75743816,75687982
35,0.926353,0.069415,0.796123,0.059854,29.133493,0.505341,93.29,75688668,75744368
36,0.928967,0.17944,0.728044,0.017957,30.062955,0.49285,93.33,75743006,75687396
37,0.791395,0.047899,0.712181,0.029797,30.854723,0.480154,92.98,75688350,75743954
38,0.885698,0.071107,0.784298,0.028584,31.740705,0.467279,94.35,75688476,75742910
39,0.843778,0.0617,0.758397,0.020953,32.584712,0.454212,94.46,75689904,75798094
40,0.903627,0.050332,0.832495,0.01927,33.488544,0.440888,92.15,75687522,75744572
41,0.899323,0.05244,0.817319,0.027759,34.38825,0.427487,93.76,75743492,75689916
42,0.803793,0.064277,0.716981,0.021401,35.193346,0.413881,94.33,75850630,75690648
43,0.802968,0.035722,0.743165,0.022891,35.996565,0.400238,93.0,75688170,75743036
44,0.825379,0.084525,0.703981,0.034844,36.824054,0.386436,92.46,75686850,75686736
45,0.833943,0.086221,0.720519,0.026194,37.658227,0.372598,93.46,75688800,75686646
46,0.72586,0.083462,0.611772,0.029521,38.384333,0.358655,93.42,75687546,75688344
47,0.778528,0.099763,0.651482,0.024682,39.163887,0.344754,92.29,75688092,75688614
48,0.863168,0.056113,0.761668,0.044159,40.028145,0.330801,92.92,75687990,75690024
49,0.808706,0.085535,0.701674,0.020591,40.837077,0.316978,93.4,75686394,75686844
