step,step_time_sec,cumulative_sec,loss
0,0.348516,0.348517,0.9374
1,0.337554,0.686125,0.917557
2,0.431862,1.118025,0.898229
3,0.257673,1.375719,0.879256
4,0.333997,1.709734,0.860548
5,0.351471,2.061226,0.842062
6,0.296481,2.357725,0.82369
7,0.274181,2.631925,0.805343
8,0.262062,2.894002,0.786967
9,0.338559,3.232589,0.768497
10,0.279387,3.511995,0.74992
11,0.281924,3.793948,0.731149
12,0.279177,4.073155,0.71221
13,0.268617,4.341794,0.693035
14,0.379798,4.721611,0.67358
15,0.31412,5.035803,0.653841
16,0.294841,5.330691,0.633765
17,0.326356,5.65707,0.613311
18,0.352738,6.009825,0.592468
19,0.340962,6.350809,0.571259
20,0.285966,6.636794,0.54968
21,0.297893,6.934714,0.5278
22,0.272563,7.207296,0.505644
23,0.275741,7.483059,0.483198
24,0.327641,7.810723,0.460525
25,0.317678,8.128419,0.43761
26,0.306165,8.434608,0.414568
27,0.28832,8.722949,0.39147
28,0.298383,9.021352,0.368491
29,0.297985,9.319366,0.345632
30,0.325285,9.644679,0.32302
31,0.281133,9.925861,0.300761
32,0.279958,10.205864,0.278956
33,0.349994,10.555882,0.257712
34,0.273684,10.829587,0.237149
35,0.372338,11.201942,0.217345
36,0.23426,11.436219,0.198362
37,0.313991,11.750242,0.180287
38,0.300455,12.050714,0.163204
39,0.279695,12.330427,0.147177
40,0.306156,12.636602,0.132215
41,0.361052,12.997832,0.118392
42,0.300144,13.297994,0.10563
43,0.242008,13.540023,0.094008
44,0.321905,13.861944,0.083392
45,0.29885,14.160822,0.073846
46,0.304359,14.465219,0.065209
47,0.304449,14.769686,0.057554
48,0.30008,15.069789,0.050656
49,0.259105,15.328912,0.044641
